{
    "Other::Example::Resource": {
        "TargetName": "Other::Example::Resource",
        "TargetType": null,
        "Schema": null,
        "ProvisioningType": null,
        "IsCfnRegistrySupportedType": false,
        "SchemaFileAvailable": false
    },
    "My::Example::Resource": {
        "TargetName": "My::Example::Resource",
        "TargetType": null,
        "Schema": null,
        "ProvisioningType": null,
        "IsCfnRegistrySupportedType": false,
        "SchemaFileAvailable": false
    }
}